sujet,date,statut
Pourquoi les paysages de Magnasco semblent-ils esquissés avec une touche nerveuse et rapide ?,2025-10-15T06:04:31.245633,succès
Quelle est la fonction narrative des petites figures dans les grands paysages baroques ?,2025-10-20T08:50:17.317779,succès
Comment les peintres bamboccianti intégraient-ils des scènes populaires dans les paysages romains ?,2025-10-27T08:52:55.415773,succès
Pourquoi les paysages de Claude Gellée étaient-ils gravés et diffusés dans toute l'Europe ?,2025-11-03T08:59:55.248052,succès
Quel impact économique les gravures de paysage ont-elles eu sur le marché de l'art aux XVIIe-XVIIIe siècles ?,2025-11-10T08:54:01.527918,succès
Comment les vedute de Bellotto servaient-elles de documents d'urbanisme pour les cours européennes ?,2025-11-17T08:24:45.527569,succès
Pourquoi les princes allemands commandaient-ils des séries de vues de leurs territoires ?,2025-11-24T08:24:40.711548,succès
Comment les paysages de bataille baroque glorifiaient-ils les victoires militaires ?,2025-12-01T08:26:22.273712,succès
Pourquoi les paysages fluviaux dominaient-ils la production picturale hollandaise ?,2025-12-08T08:26:51.126086,succès
Quel rôle économique jouaient les rivières et canaux dans l'iconographie paysagiste néerlandaise ?,2025-12-15T08:27:53.167371,succès
Comment Aelbert Cuyp captait-il la lumière dorée des fins d'après-midi hollandaises ?,2025-12-22T08:26:03.386036,succès
Pourquoi les paysages avec troupeaux étaient-ils prisés par la bourgeoisie marchande hollandaise ?,2025-12-29T08:27:27.626348,succès
